InstanceID,PokeID,CP,HP,Move1,Move1Type,Move2,Move2Type,IsShiny,IsShadow,IV_Attack,IV_Defense,IV_HP,CatchYear,CatchDaysAgo,CandyCount
1,297,681,24,helping-hand,normal,bulk-up,fighting,0,0,0,11,2,2022,1507,96
2,10192,641,137,thrash,normal,thief,dark,0,0,15,3,2,2022,1561,285
3,241,1434,252,rock-tomb,rock,wake-up-slap,fighting,0,0,7,11,14,2016,3758,255
4,170,292,54,mist,ice,thunder,electric,0,0,8,7,5,2023,1331,264
5,680,1331,262,power-trick,psychic,shock-wave,electric,0,0,14,7,11,2018,3108,67
6,840,3416,205,attract,normal,draco-meteor,dragon,0,0,4,13,8,2023,1347,87
7,546,3455,237,round,normal,knock-off,dark,0,0,8,7,10,2025,587,82
8,253,1107,160,low-sweep,fighting,work-up,normal,0,0,12,0,10,2019,2761,193
9,195,2791,263,encore,normal,swagger,normal,0,0,6,13,11,2019,2655,284
10,819,2977,98,body-slam,normal,round,normal,1,0,8,4,10,2020,2371,50
11,10077,3497,257,rock-tomb,rock,sleep-talk,normal,0,1,7,3,8,2023,1337,245
12,429,3248,244,frustration,normal,thunderbolt,electric,0,0,11,2,6,2020,2207,239
13,320,1361,122,sleep-talk,normal,facade,normal,0,0,5,9,2,2020,2324,151
14,273,452,24,synthesis,grass,bullet-seed,grass,0,0,5,7,15,2019,2694,248
15,651,2494,255,fling,dark,thunder-punch,electric,0,0,8,1,15,2025,545,206
16,750,1049,248,body-press,fighting,sand-tomb,ground,0,0,12,9,6,2020,2382,69
17,842,3544,43,bullet-seed,grass,recover,normal,0,0,9,15,2,2017,3494,87
18,666,2013,172,laser-focus,normal,gust,flying,0,0,2,5,8,2017,3569,107
19,785,2592,64,taunt,dark,wild-charge,electric,0,0,0,14,7,2024,858,102
20,10181,528,273,dragon-tail,dragon,hyper-beam,normal,0,0,15,4,10,2022,1489,199
21,312,2495,292,baton-pass,normal,charge,electric,0,0,4,4,1,2018,3284,66
22,614,3864,101,power-up-punch,fighting,play-nice,normal,0,0,11,4,14,2025,689,245
23,381,2794,88,helping-hand,normal,wonder-room,psychic,0,0,0,9,7,2021,2107,256
24,189,1917,218,protect,normal,absorb,grass,0,0,1,15,0,2026,238,280
25,527,1356,24,return,normal,psycho-shift,psychic,0,0,2,13,13,2024,816,150
26,461,2720,263,triple-axel,ice,snatch,dark,0,0,13,13,14,2017,3506,259
27,429,3976,168,magic-coat,psychic,hyper-voice,normal,0,0,15,2,6,2018,3027,239
28,162,1459,90,hyper-voice,normal,confide,normal,0,0,13,6,13,2026,124,293
29,551,1186,196,bite,dark,mud-slap,ground,0,0,14,8,11,2021,1999,264
30,295,2302,123,brick-break,fighting,thunder-fang,electric,0,0,1,10,8,2019,2793,180
31,10062,1426,289,heal-pulse,psychic,draco-meteor,dragon,0,0,3,8,9,2026,152,250
32,86,297,280,fling,dark,toxic,poison,0,0,12,14,15,2020,2215,48
33,653,560,23,protect,normal,attract,normal,0,1,8,0,1,2018,3067,231
34,10169,500,181,hypnosis,psychic,rest,psychic,0,0,15,7,10,2018,2936,201
35,497,1648,132,hyper-beam,normal,knock-off,dark,0,0,13,1,15,2024,1020,140
36,387,3158,68,synthesis,grass,grassy-terrain,grass,0,0,15,0,15,2024,895,100
37,10187,1916,81,ice-fang,ice,nasty-plot,dark,0,0,10,8,13,2017,3537,265
38,10167,691,281,strange-steam,fairy,brutal-swing,dark,0,0,6,2,5,2021,1873,217
39,228,3293,64,sludge-bomb,poison,beat-up,dark,0,0,0,7,6,2026,209,51
40,10177,1101,201,overheat,fire,belly-drum,normal,0,0,1,6,3,2016,3683,130
41,729,3941,249,toxic,poison,hydro-pump,water,0,0,1,6,15,2026,192,292
42,345,2680,43,body-slam,normal,sandstorm,rock,0,1,1,15,8,2026,292,124
43,10161,2400,286,assurance,dark,shadow-claw,ghost,0,0,11,7,12,2021,1900,300
44,65,71,221,role-play,psychic,telekinesis,psychic,0,1,5,5,7,2025,674,275
45,10136,3107,182,hyper-beam,normal,telekinesis,psychic,0,0,5,14,2,2026,77,264
46,267,3861,300,signal-beam,bug,string-shot,bug,0,0,15,4,10,2025,719,146
47,237,578,10,secret-power,normal,thief,dark,0,1,15,13,10,2021,2098,199
48,44,2673,139,frustration,normal,fling,dark,0,0,7,9,5,2023,1256,96
49,702,3779,99,thunder,electric,iron-tail,steel,0,0,7,15,5,2020,2487,182
50,139,530,12,natural-gift,normal,water-gun,water,0,0,13,8,0,2022,1819,299
51,309,1571,12,mud-slap,ground,sleep-talk,normal,0,0,7,10,14,2017,3316,169
52,561,1807,237,hypnosis,psychic,whirlwind,normal,0,0,8,14,13,2021,1923,166
53,345,426,290,ancient-power,rock,sandstorm,rock,1,0,9,12,7,2017,3553,124
54,208,951,207,thunder-fang,electric,strength,normal,0,0,12,6,9,2016,3735,56
55,775,2851,144,spit-up,normal,calm-mind,psychic,0,0,7,5,9,2026,153,258
56,401,1240,96,string-shot,bug,struggle-bug,bug,0,0,4,14,12,2019,2606,128
57,629,3032,28,fury-attack,normal,gust,flying,0,0,9,13,7,2019,2831,288
58,718,3416,189,reversal,fighting,stone-edge,rock,0,0,0,13,13,2022,1586,199
59,774,1469,24,tackle,normal,reflect,psychic,0,0,15,12,15,2017,3334,264
60,10153,786,201,spider-web,bug,hidden-power,normal,1,1,3,3,6,2022,1628,7
61,711,2614,274,frustration,normal,confide,normal,0,0,13,7,10,2023,1272,64
62,136,3130,184,roar,normal,rest,psychic,0,0,13,3,3,2017,3386,149
63,10097,1406,102,iron-tail,steel,body-slam,normal,0,0,4,14,14,2017,3501,54
64,868,3096,77,protect,normal,baby-doll-eyes,fairy,0,0,13,2,14,2021,2039,90
65,10076,1449,60,facade,normal,thunder-punch,electric,0,0,13,2,8,2019,2919,17
66,509,1749,65,sucker-punch,dark,pursuit,dark,0,0,4,9,8,2018,3178,205
67,464,1504,48,superpower,fighting,iron-head,steel,0,0,8,10,13,2017,3513,147
68,637,968,278,screech,normal,silver-wind,bug,0,0,1,8,14,2023,1188,144
69,426,2908,236,thunder-wave,electric,tailwind,flying,0,0,9,8,9,2025,451,41
70,4,3768,111,ember,fire,weather-ball,normal,0,0,10,3,10,2022,1662,22
71,10048,2503,202,role-play,psychic,dark-pulse,dark,0,0,13,14,10,2020,2332,51
72,30,3125,192,toxic-spikes,poison,water-pulse,water,0,0,8,15,0,2022,1475,49
73,91,2480,21,spike-cannon,normal,bide,normal,0,0,1,3,10,2022,1768,273
74,615,3755,141,aurora-beam,ice,defog,flying,1,0,2,7,5,2026,203,162
75,10037,432,284,recover,normal,trick-room,psychic,0,0,9,4,3,2017,3580,275
76,239,2855,44,sleep-talk,normal,thunder,electric,0,0,2,12,1,2025,560,295
77,50,3108,156,stealth-rock,rock,rage,normal,0,0,14,6,1,2022,1698,147
78,548,2629,284,bide,normal,healing-wish,psychic,0,0,1,2,14,2020,2351,186
79,10081,1816,85,grass-knot,grass,attract,normal,0,0,3,4,13,2024,785,54
80,10049,2155,87,strength,normal,focus-punch,fighting,0,0,9,0,3,2024,791,16
81,158,1482,210,protect,normal,razor-wind,normal,0,0,0,11,2,2023,1132,39
82,399,1403,141,rock-smash,fighting,icy-wind,ice,0,0,3,2,7,2021,1900,64
83,350,623,109,icy-wind,ice,mud-slap,ground,0,0,12,8,15,2022,1487,215
84,737,1950,43,charge-beam,electric,facade,normal,0,0,9,1,11,2017,3471,61
85,566,1950,27,thrash,normal,endeavor,normal,0,0,14,12,3,2024,851,62
86,530,3973,222,earthquake,ground,stealth-rock,rock,0,0,9,4,1,2016,3792,155
87,891,378,113,bulk-up,fighting,dynamic-punch,fighting,0,0,0,0,10,2024,827,19
88,653,394,139,lucky-chant,normal,rest,psychic,0,0,13,10,7,2026,175,231
89,10111,3845,260,stone-edge,rock,thunder,electric,0,1,10,11,6,2020,2218,25
90,10177,1420,216,ice-punch,ice,bulk-up,fighting,0,0,0,13,14,2019,2794,130
91,10070,606,252,thief,dark,feint,normal,0,0,11,3,8,2025,482,131
92,462,2653,116,rest,psychic,steel-roller,steel,0,0,0,3,1,2018,3031,10
93,720,717,211,ally-switch,psychic,wonder-room,psychic,0,0,4,6,9,2024,734,64
94,587,1741,233,signal-beam,bug,agility,psychic,0,0,12,12,11,2017,3580,262
95,537,3173,172,gastro-acid,poison,scald,water,0,0,10,2,6,2018,3029,175
96,163,1894,100,feather-dance,flying,twister,dragon,0,0,9,13,14,2017,3447,259
97,562,3509,158,shadow-ball,ghost,return,normal,0,0,8,14,10,2019,2848,158
98,10178,2103,230,u-turn,bug,giga-impact,normal,0,0,3,8,3,2019,2890,130
99,507,3894,176,return,normal,psychic-fangs,psychic,0,0,7,8,8,2026,55,213
100,349,2327,150,snore,normal,hidden-power,normal,0,0,2,4,8,2017,3293,215
101,17,744,210,u-turn,bug,captivate,normal,0,0,12,0,0,2026,284,223
102,33,2943,31,hone-claws,dark,body-slam,normal,0,0,0,0,15,2026,210,257
103,222,1827,36,rock-polish,rock,hydro-pump,water,0,0,4,15,6,2024,896,102
104,10030,144,112,protect,normal,astonish,ghost,1,0,15,14,3,2016,3671,64
105,159,3688,63,rock-slide,rock,snore,normal,0,0,2,2,0,2024,760,39
106,10150,994,29,bug-buzz,bug,toxic,poison,1,0,6,0,0,2023,1267,50
107,404,3103,236,signal-beam,bug,iron-tail,steel,0,0,15,3,10,2016,3720,158
108,502,3754,32,encore,normal,hydro-pump,water,0,0,13,14,1,2021,2093,263
109,307,3188,240,endure,normal,role-play,psychic,0,0,15,5,5,2024,834,132
110,139,3019,107,constrict,normal,return,normal,0,1,4,15,3,2021,2097,299
111,754,2295,71,frustration,normal,return,normal,0,0,3,9,15,2016,3789,19
112,10067,3384,184,moonblast,fairy,rock-smash,fighting,0,0,10,1,13,2022,1619,172
113,198,1626,265,snore,normal,spite,ghost,0,0,4,10,14,2024,802,189
114,187,575,146,flash,normal,confide,normal,0,0,5,12,8,2024,918,280
115,311,2127,97,wild-charge,electric,sleep-talk,normal,0,0,5,0,4,2019,2884,247
116,317,120,160,double-edge,normal,dream-eater,psychic,0,0,7,14,0,2018,3212,72
117,783,256,71,hidden-power,normal,earthquake,ground,0,0,14,0,9,2025,500,128
118,10050,3737,284,attract,normal,dual-chop,dragon,0,0,7,4,10,2017,3547,22
119,747,3650,233,brine,water,frustration,normal,0,0,15,4,14,2022,1621,5
120,10150,556,58,after-you,normal,roost,flying,0,0,3,5,3,2024,779,50
121,823,259,243,light-screen,psychic,revenge,fighting,1,0,6,12,12,2020,2463,160
122,533,917,74,leer,normal,return,normal,0,0,10,10,1,2026,269,199
123,245,224,37,facade,normal,icy-wind,ice,0,0,15,2,15,2026,297,277
124,554,937,130,confide,normal,belly-drum,normal,0,1,10,11,1,2020,2435,130
125,216,1340,139,attract,normal,chip-away,normal,0,0,1,6,0,2025,592,275
126,4,650,65,thunder-punch,electric,confide,normal,0,0,11,3,2,2023,1115,22
127,514,3373,69,shadow-claw,ghost,gastro-acid,poison,0,0,9,3,0,2017,3526,70
128,10145,1659,43,infestation,bug,snore,normal,0,0,4,3,4,2024,756,297
129,10172,3638,203,razor-shell,water,fling,dark,0,0,14,15,12,2026,188,91
130,737,1258,97,swagger,normal,mud-shot,ground,0,0,10,9,4,2024,1048,61
131,882,1111,46,whirlpool,water,water-gun,water,0,0,15,9,8,2018,2998,231
132,828,1652,30,foul-play,dark,tail-slap,normal,0,0,14,2,7,2020,2511,119
133,106,2720,195,rest,psychic,work-up,normal,0,0,12,11,14,2026,44,199
134,99,1393,228,protect,normal,rest,psychic,0,0,6,14,5,2022,1592,12
135,10054,457,15,helping-hand,normal,brick-break,fighting,0,0,12,9,8,2023,1172,132
136,92,3604,134,explosion,normal,rain-dance,water,0,1,13,7,4,2017,3385,227
137,9,1965,183,rapid-spin,normal,submission,fighting,0,0,12,11,2,2022,1675,93
138,120,2056,297,snore,normal,rage,normal,0,1,7,13,5,2017,3301,298
139,10194,3638,236,stomping-tantrum,ground,solar-beam,grass,0,0,15,2,3,2026,27,100
140,10163,2461,265,ally-switch,psychic,body-slam,normal,0,1,5,4,5,2017,3507,134
141,10113,79,54,rock-tomb,rock,embargo,dark,0,0,4,8,9,2024,763,56
142,294,219,204,double-team,normal,protect,normal,0,0,8,8,6,2026,256,180
143,560,1750,207,low-sweep,fighting,hyper-beam,normal,0,0,6,3,13,2019,2862,94
144,10019,2451,91,role-play,psychic,heat-wave,fire,0,1,11,6,9,2023,1226,103
145,10002,555,189,magic-coat,psychic,psyshock,psychic,0,1,1,6,6,2025,689,119
146,885,2899,212,baton-pass,normal,endure,normal,0,0,5,5,14,2017,3421,255
147,10180,782,70,rock-tomb,rock,spite,ghost,0,0,15,2,11,2019,2723,51
148,261,2624,201,return,normal,round,normal,0,0,15,9,5,2023,1377,234
149,10118,2340,266,hyper-voice,normal,skitter-smack,bug,0,1,12,6,9,2023,1336,199
150,71,2909,228,bullet-seed,grass,poison-powder,poison,0,0,0,2,2,2023,1199,209
151,842,143,230,gyro-ball,steel,growth,normal,0,0,9,10,1,2026,114,87
152,550,2927,276,flail,normal,tackle,normal,0,0,3,0,3,2024,848,246
153,764,1765,31,draining-kiss,fairy,bullet-seed,grass,0,0,6,14,2,2020,2494,174
154,133,3774,17,heal-bell,normal,baton-pass,normal,0,0,10,9,8,2023,1264,149
155,751,427,191,sleep-talk,normal,bite,dark,0,0,7,4,2,2026,203,7
156,720,1200,29,dark-pulse,dark,thunder-wave,electric,0,0,5,2,1,2023,1160,64
157,679,1032,48,endure,normal,flash-cannon,steel,0,0,15,7,6,2019,2632,67
158,10013,2329,173,reflect-type,normal,hidden-power,normal,0,1,10,9,4,2023,1100,251
159,544,3699,270,round,normal,poison-jab,poison,1,0,1,12,11,2022,1496,161
160,896,3078,80,round,normal,megahorn,bug,0,0,8,10,13,2026,310,141
161,440,1081,24,stored-power,psychic,frustration,normal,0,0,6,11,15,2018,3243,30
162,841,2408,156,giga-drain,grass,dragon-breath,dragon,0,0,3,9,6,2024,1008,87
163,168,3789,149,confide,normal,hyper-beam,normal,0,1,8,14,14,2022,1816,62
164,10166,2645,216,sunny-day,fire,rock-smash,fighting,0,1,0,9,8,2026,307,49
165,139,3726,128,sandstorm,rock,confide,normal,0,0,1,13,10,2022,1733,299
166,554,781,194,rock-smash,fighting,hammer-arm,fighting,0,0,3,1,14,2016,3789,130
167,898,2186,67,grassy-terrain,grass,safeguard,normal,0,0,8,12,12,2023,1212,100
168,301,3681,16,body-slam,normal,dream-eater,psychic,0,0,10,4,10,2017,3366,198
169,322,2773,198,stomp,normal,rest,psychic,0,0,14,2,15,2022,1551,230
170,10113,2105,139,gunk-shot,poison,mega-drain,grass,0,0,12,3,15,2020,2432,56
171,707,1306,261,draining-kiss,fairy,safeguard,normal,0,0,11,11,9,2019,2626,203
172,842,2010,40,curse,ghost,hyper-beam,normal,0,0,10,6,2,2022,1604,87
173,623,3611,275,high-horsepower,ground,earthquake,ground,0,0,8,6,13,2019,2594,287
174,410,578,16,metal-sound,steel,attract,normal,0,1,5,4,1,2024,837,238
175,698,138,170,encore,normal,bulldoze,ground,0,0,15,14,10,2019,2842,83
176,10075,2413,54,flash,normal,guard-split,psychic,1,0,12,5,6,2018,3029,182
177,392,585,238,will-o-wisp,fire,bulk-up,fighting,0,0,8,10,3,2018,2994,169
178,655,3531,71,wonder-room,psychic,safeguard,normal,0,0,15,14,6,2022,1655,231
179,627,1988,48,sleep-talk,normal,secret-power,normal,0,0,4,7,2,2025,677,190
180,759,566,291,substitute,normal,swagger,normal,0,0,3,7,5,2018,2983,287
181,516,3592,16,scald,water,cut,normal,0,0,13,8,5,2021,2129,166
182,421,3409,72,attract,normal,morning-sun,normal,0,0,6,10,2,2017,3609,157
183,424,3774,270,shadow-ball,ghost,sand-attack,ground,0,0,10,15,9,2017,3571,262
184,669,3870,284,heal-bell,normal,fairy-wind,fairy,0,0,15,2,4,2022,1488,219
185,49,3312,162,hyper-beam,normal,ominous-wind,ghost,0,0,2,2,12,2024,736,277
186,482,1478,40,acrobatics,flying,ally-switch,psychic,0,0,1,11,4,2020,2208,223
187,625,1769,20,metal-burst,steel,rock-polish,rock,0,1,7,1,0,2017,3459,192
188,10030,289,169,toxic,poison,foul-play,dark,0,0,11,10,14,2018,3137,64
189,421,3481,146,leafage,grass,sleep-talk,normal,0,0,7,1,5,2025,611,157
190,703,1058,27,iron-defense,steel,round,normal,0,0,7,7,8,2024,855,116
191,7,2851,227,scald,water,water-gun,water,0,0,4,14,11,2023,1331,93
192,638,2301,132,quick-attack,normal,flash-cannon,steel,0,0,8,9,11,2026,326,137
193,390,3023,94,power-up-punch,fighting,role-play,psychic,0,0,2,14,1,2018,3106,169
194,187,2599,107,sweet-scent,normal,flash,normal,0,0,0,7,14,2022,1492,280
195,10148,39,171,body-slam,normal,dig,ground,0,0,1,10,3,2019,2795,54
196,10072,1672,68,smack-down,rock,dragon-tail,dragon,0,0,5,10,15,2023,1335,56
197,74,2989,251,thunder-punch,electric,harden,normal,0,0,1,12,5,2021,1828,25
198,270,1734,150,bullet-seed,grass,energy-ball,grass,0,0,15,9,7,2022,1725,19
199,23,1102,115,leer,normal,sludge-bomb,poison,0,0,3,15,5,2022,1660,300
200,279,698,181,ice-beam,ice,wing-attack,flying,0,0,10,4,2,2022,1622,68
201,817,1841,193,protect,normal,rest,psychic,0,0,13,0,11,2020,2302,283
202,10144,3043,187,drain-punch,fighting,leech-life,bug,0,0,6,7,5,2020,2407,297
203,10077,162,58,rain-dance,water,roar,normal,0,1,10,15,0,2017,3643,245
204,245,1626,203,mist,ice,curse,ghost,0,0,9,8,14,2020,2435,277
205,493,2054,230,light-screen,psychic,silver-wind,bug,0,0,3,14,14,2019,2898,120
206,388,3729,158,safeguard,normal,natural-gift,normal,0,0,10,13,12,2026,177,100
207,507,3849,234,hidden-power,normal,uproar,normal,0,0,8,3,10,2023,1155,213
208,385,902,106,life-dew,water,frustration,normal,0,0,7,13,12,2019,2809,213
209,626,1062,211,retaliate,normal,scary-face,normal,0,0,3,7,6,2025,403,91
210,377,3709,36,mud-slap,ground,ancient-power,rock,0,1,9,3,11,2024,888,240
211,851,2742,268,attract,normal,venoshock,poison,0,0,9,8,6,2017,3342,231
212,10033,955,224,sunny-day,fire,rock-smash,fighting,0,0,5,15,5,2022,1531,299
213,879,1343,67,work-up,normal,earthquake,ground,0,0,4,13,1,2026,212,222
214,122,2699,99,nightmare,ghost,substitute,normal,0,0,14,14,6,2022,1714,210
215,875,1616,228,reversal,fighting,endure,normal,0,1,12,15,6,2026,288,57
216,204,2333,272,power-trick,psychic,stealth-rock,rock,0,0,0,6,15,2020,2318,248
217,769,3626,92,rock-polish,rock,sleep-talk,normal,0,0,0,1,8,2021,1827,267
218,637,2651,290,psychic,psychic,thrash,normal,1,0,5,13,11,2022,1468,144
219,443,2457,263,secret-power,normal,double-team,normal,0,0,9,0,4,2023,1433,141
220,868,201,254,sweet-scent,normal,rest,psychic,0,0,13,10,6,2023,1426,90
221,96,1195,251,guard-swap,psychic,recycle,normal,1,0,14,13,2,2018,2968,294
222,691,191,139,camouflage,normal,surf,water,0,0,15,3,12,2025,689,242
223,798,2880,102,confide,normal,synthesis,grass,0,0,14,0,14,2020,2261,135
224,610,1394,144,secret-power,normal,payback,dark,0,0,8,10,4,2025,544,89
225,52,2585,141,lash-out,dark,flail,normal,0,0,2,14,13,2017,3336,300
226,403,1184,116,endure,normal,thunder-wave,electric,0,0,4,2,12,2016,3678,158
227,789,2118,61,splash,normal,teleport,psychic,0,0,5,2,0,2024,1071,218
228,483,3760,176,twister,dragon,secret-power,normal,0,0,14,11,6,2026,152,261
229,90,756,261,shell-smash,normal,razor-shell,water,0,0,14,11,14,2023,1258,273
230,169,158,47,air-slash,flying,venoshock,poison,1,1,4,6,4,2026,129,278
231,123,1773,201,slash,normal,endure,normal,0,0,15,15,2,2025,517,13
232,878,664,283,snore,normal,fissure,ground,0,0,5,1,8,2023,1439,222
233,139,1652,68,rain-dance,water,rock-polish,rock,0,1,9,6,6,2022,1816,299
234,66,382,92,dual-chop,dragon,confide,normal,0,0,1,12,12,2016,3663,245
235,302,3439,15,nasty-plot,dark,fling,dark,0,0,7,4,4,2023,1354,287
236,10113,2763,34,substitute,normal,poison-fang,poison,0,0,14,13,2,2025,524,56
237,276,1035,55,peck,flying,defog,flying,0,0,3,3,8,2018,2942,284
238,355,190,116,hidden-power,normal,toxic,poison,0,0,7,4,15,2025,400,137
239,418,3512,81,secret-power,normal,brick-break,fighting,0,0,1,5,9,2018,3059,213
240,617,665,72,laser-focus,normal,giga-impact,normal,0,0,7,10,15,2018,2989,291
241,213,67,291,shell-smash,normal,encore,normal,0,0,10,14,12,2025,498,267
242,397,226,183,whirlwind,normal,heat-wave,fire,0,0,3,2,3,2022,1682,266
243,287,2269,177,retaliate,normal,strength,normal,0,0,10,13,14,2024,751,75
244,227,309,104,fly,flying,fury-attack,normal,0,0,3,12,8,2023,1162,14
245,523,2605,44,sleep-talk,normal,hyper-beam,normal,0,0,6,8,0,2020,2532,199
246,619,912,167,brick-break,fighting,mega-kick,normal,0,1,3,0,15,2026,100,48
247,10083,2245,144,frustration,normal,volt-switch,electric,0,0,4,1,9,2017,3475,54
248,582,2965,42,powder-snow,ice,swagger,normal,0,1,7,10,1,2026,265,191
249,797,1302,83,iron-defense,steel,grass-knot,grass,0,0,9,12,8,2025,634,82
250,638,143,245,take-down,normal,frustration,normal,0,1,4,9,15,2017,3422,137
251,687,954,128,frustration,normal,sunny-day,fire,0,0,1,1,3,2025,392,238
252,10008,1335,125,light-screen,psychic,thunder,electric,1,0,0,3,11,2019,2824,59
253,201,63,59,hidden-power,normal,None,None,0,0,3,14,5,2025,539,10
254,620,3020,173,quick-guard,fighting,psych-up,normal,0,0,9,1,8,2022,1532,48
255,503,2684,55,megahorn,bug,work-up,normal,0,1,0,0,4,2022,1750,263
256,238,2150,226,encore,normal,confide,normal,0,0,12,1,12,2017,3517,70
257,438,732,146,confide,normal,role-play,psychic,0,0,12,11,13,2019,2725,161
258,10100,2359,194,round,normal,draining-kiss,fairy,0,0,8,13,9,2024,996,54
259,83,2053,249,double-edge,normal,cut,normal,0,0,10,15,10,2018,3260,49
260,95,2463,39,skull-bash,normal,breaking-swipe,dragon,1,0,7,1,6,2023,1186,56
261,449,1360,87,yawn,normal,iron-tail,steel,0,0,10,1,15,2021,1917,114
262,555,1136,18,hyper-beam,normal,laser-focus,normal,0,0,6,3,10,2020,2367,130
263,155,154,106,ember,fire,burn-up,fire,0,0,1,15,10,2025,410,29
264,56,2173,184,bulk-up,fighting,pay-day,normal,0,0,1,7,12,2017,3528,114
265,753,1200,230,aromatherapy,grass,fling,dark,0,0,10,14,4,2025,448,19
266,766,445,229,shadow-ball,ghost,aerial-ace,flying,0,0,3,13,14,2022,1549,62
267,692,2909,84,entrainment,normal,bounce,flying,0,0,14,1,7,2024,982,77
268,874,2362,210,ancient-power,rock,brutal-swing,dark,0,0,9,4,6,2021,1944,52
269,678,3361,288,signal-beam,bug,recycle,normal,0,0,4,15,10,2018,3245,43
270,87,3163,116,rest,psychic,hyper-beam,normal,0,0,13,1,5,2024,866,48
271,787,3522,48,swagger,normal,energy-ball,grass,0,0,10,15,2,2016,3678,279
272,345,1065,70,mega-drain,grass,facade,normal,0,0,11,10,5,2017,3294,124
273,682,3790,106,endure,normal,fake-tears,dark,0,0,6,5,4,2017,3591,276
274,440,434,36,flamethrower,fire,fire-blast,fire,0,0,2,14,0,2018,2943,30
275,10097,3519,188,uproar,normal,feint,normal,0,0,13,5,2,2023,1106,54
276,201,969,153,hidden-power,normal,None,None,0,0,10,12,10,2024,1048,10
277,859,631,26,foul-play,dark,revenge,fighting,0,0,10,13,8,2019,2614,215
278,450,2608,295,confide,normal,stealth-rock,rock,0,0,5,10,12,2018,2967,114
279,645,3155,15,payback,dark,extrasensory,psychic,0,0,2,6,11,2024,986,279
280,795,3275,289,confide,normal,drill-run,ground,0,0,14,1,1,2022,1739,279
281,10054,990,190,detect,fighting,double-team,normal,0,0,11,4,12,2017,3448,132
282,10142,2266,52,gravity,psychic,rock-polish,rock,0,0,8,2,15,2026,356,264
283,53,62,177,take-down,normal,confide,normal,0,0,8,0,1,2021,1918,300
284,536,2995,89,round,normal,water-pulse,water,0,1,5,9,2,2026,47,175
285,635,209,176,charge-beam,electric,rock-tomb,rock,0,0,9,12,0,2021,1989,217
286,792,1114,213,will-o-wisp,fire,sky-attack,flying,0,0,7,3,8,2022,1474,218
287,556,1327,126,worry-seed,grass,endeavor,normal,0,0,9,9,2,2019,2574,112
288,200,1933,154,facade,normal,charge-beam,electric,1,0,10,4,0,2023,1154,239
289,555,1733,283,encore,normal,uproar,normal,0,0,0,2,3,2025,544,130
290,696,1966,283,swagger,normal,dark-pulse,dark,0,0,8,12,8,2026,205,279
291,10074,470,294,gyro-ball,steel,substitute,normal,0,0,8,2,13,2017,3615,203
292,880,2402,23,breaking-swipe,dragon,protect,normal,0,0,8,2,15,2020,2399,216
293,84,98,192,sleep-talk,normal,double-team,normal,0,0,12,10,9,2016,3788,78
294,708,2057,111,shadow-ball,ghost,telekinesis,psychic,0,0,6,4,14,2021,2138,266
295,235,3433,95,sketch,normal,None,None,0,0,8,14,12,2019,2664,133
296,790,93,148,cosmic-power,psychic,teleport,psychic,0,0,3,8,13,2018,3040,218
297,560,3131,42,outrage,dragon,strength,normal,0,0,8,7,1,2024,870,94
298,113,1688,266,stored-power,psychic,tail-whip,normal,0,0,1,7,5,2021,2043,30
299,10075,681,143,frustration,normal,sandstorm,rock,0,0,5,12,13,2021,1920,182
300,794,1093,76,drain-punch,fighting,close-combat,fighting,0,1,15,10,10,2023,1125,232
301,693,3802,11,rock-slide,rock,venoshock,poison,0,0,5,4,7,2020,2364,77
302,145,2057,30,protect,normal,sky-drop,flying,0,0,11,15,8,2017,3436,217
303,864,2727,223,icicle-spear,ice,snore,normal,0,0,11,0,6,2024,1042,102
304,53,1176,19,detect,fighting,bubble-beam,water,0,0,14,7,11,2019,2556,300
305,604,1736,117,acrobatics,flying,acid,poison,0,1,4,14,15,2020,2400,15
306,359,1986,34,zen-headbutt,psychic,leer,normal,0,0,8,8,13,2018,3170,295
307,347,2881,104,dig,ground,confide,normal,0,0,15,1,2,2021,1893,23
308,360,391,266,safeguard,normal,encore,normal,0,1,10,10,8,2021,2111,9
309,61,2666,86,take-down,normal,psychic,psychic,0,0,5,6,5,2016,3787,234
310,861,1338,11,thief,dark,lash-out,dark,0,0,8,9,4,2023,1326,215
311,353,41,68,foul-play,dark,return,normal,0,0,3,4,8,2024,871,175
312,608,1151,172,calm-mind,psychic,double-team,normal,0,0,6,4,6,2019,2589,45
313,10158,3876,122,floaty-fall,flying,double-kick,fighting,0,0,11,1,2,2025,715,54
314,300,583,95,headbutt,normal,rest,psychic,0,0,1,14,6,2026,75,198
315,663,668,126,taunt,dark,solar-beam,grass,0,0,10,0,10,2023,1341,182
316,10007,2419,32,spite,ghost,telekinesis,psychic,0,0,8,7,6,2020,2205,152
317,57,2090,168,frustration,normal,thunder,electric,0,0,9,2,6,2024,733,114
318,878,1541,136,strength,normal,power-whip,grass,0,0,9,13,2,2021,1964,222
319,79,3259,146,psychic,psychic,skull-bash,normal,0,0,9,12,1,2016,3776,91
320,569,581,223,dark-pulse,dark,stomping-tantrum,ground,0,0,6,11,7,2025,437,93
321,10005,3662,175,protect,normal,psychic,psychic,0,0,10,1,13,2026,125,83
322,449,876,61,crunch,dark,strength,normal,0,0,11,8,9,2018,3087,114
323,10095,416,285,body-slam,normal,charm,fairy,0,0,6,7,0,2017,3291,54
324,519,842,94,pluck,flying,snore,normal,0,0,8,8,12,2023,1369,32
325,10096,29,179,toxic,poison,thunder-wave,electric,1,0,12,4,0,2025,387,54
326,221,1281,61,high-horsepower,ground,defense-curl,normal,0,0,11,1,2,2018,3036,161
327,488,2696,88,swift,normal,psyshock,psychic,0,0,7,6,12,2020,2282,74
328,637,3472,287,string-shot,bug,safeguard,normal,0,0,15,12,2,2024,1011,144
329,48,2050,234,secret-power,normal,poison-powder,poison,0,0,8,3,12,2023,1435,277
330,266,2088,188,electroweb,electric,bug-bite,bug,0,0,13,15,14,2022,1556,146
331,538,2083,296,work-up,normal,body-slam,normal,0,0,6,7,11,2018,3146,87
332,863,960,201,giga-impact,normal,screech,normal,0,0,8,8,6,2024,830,300
333,605,2959,123,double-team,normal,screech,normal,0,0,8,9,3,2017,3417,180
334,725,3807,259,work-up,normal,nasty-plot,dark,0,0,0,15,3,2026,115,277
335,444,1599,97,protect,normal,body-slam,normal,0,0,1,9,12,2018,3121,141
336,872,1717,168,round,normal,bug-buzz,bug,0,0,6,13,6,2023,1378,122
337,894,1231,28,light-screen,psychic,thunder-wave,electric,0,0,5,3,10,2018,3249,95
338,10075,2995,60,double-team,normal,last-resort,normal,0,0,15,9,12,2018,3237,182
339,235,150,91,sketch,normal,None,None,0,0,10,11,2,2026,97,133
340,10164,2207,79,round,normal,belch,poison,0,0,10,8,7,2019,2771,91
341,236,1248,221,curse,ghost,vacuum-wave,fighting,0,0,6,5,8,2018,3197,199
342,889,921,45,psychic-fangs,psychic,helping-hand,normal,0,0,15,12,8,2025,675,45
343,135,1371,275,weather-ball,normal,yawn,normal,0,0,2,2,0,2019,2862,149
344,10107,3969,262,headbutt,normal,play-rough,fairy,0,0,9,4,11,2022,1587,300
345,461,793,197,dig,ground,snarl,dark,0,0,13,5,0,2018,3126,259
346,401,1820,140,growl,normal,bug-bite,bug,0,0,13,1,4,2020,2509,128
347,695,2276,111,thunder-wave,electric,tail-whip,normal,0,0,10,6,8,2017,3630,2
348,10152,1753,146,accelerock,rock,attract,normal,0,0,5,9,5,2020,2375,0
349,468,3583,136,hidden-power,normal,confide,normal,0,0,5,0,5,2025,584,237
350,71,157,88,leech-life,bug,bullet-seed,grass,0,0,2,10,9,2021,1965,209
351,112,2860,160,whirlpool,water,horn-attack,normal,0,0,6,14,14,2021,2049,147
352,508,2429,83,odor-sleuth,normal,shadow-ball,ghost,0,0,0,1,3,2019,2693,213
353,686,3645,288,baton-pass,normal,psychic,psychic,0,0,13,6,11,2019,2707,238
354,26,2770,219,fling,dark,surf,water,0,0,4,11,4,2024,1059,54
355,864,980,14,shadow-ball,ghost,rock-tomb,rock,0,0,8,10,6,2020,2270,102
356,747,2362,266,spike-cannon,normal,pin-missile,bug,0,0,2,15,1,2024,1011,5
357,446,1725,85,shadow-ball,ghost,rock-slide,rock,0,0,7,4,15,2019,2556,95
358,389,232,296,grass-knot,grass,absorb,grass,0,0,11,14,12,2017,3330,100
359,10062,1515,194,wish,normal,dive,water,0,0,15,0,4,2020,2227,250
360,306,1130,54,thunder-punch,electric,surf,water,0,0,8,6,9,2026,213,290
361,10167,3706,106,venom-drench,poison,uproar,normal,0,0,9,3,11,2018,3171,217
362,10153,3616,104,signal-beam,bug,icy-wind,ice,0,0,11,11,9,2026,158,7
363,10009,851,257,spite,ghost,dream-eater,psychic,0,0,8,0,0,2025,571,59
364,600,2583,157,secret-power,normal,flash-cannon,steel,0,0,15,8,3,2025,375,236
365,10099,3859,156,thunderbolt,electric,draining-kiss,fairy,0,0,10,0,3,2021,2044,54
366,207,2975,242,swords-dance,normal,snore,normal,0,0,1,2,8,2024,1063,76
367,337,1415,192,rock-tomb,rock,future-sight,psychic,0,0,13,8,3,2022,1706,29
368,10050,244,284,incinerate,fire,rock-smash,fighting,0,0,13,9,4,2020,2228,22
369,374,2579,187,headbutt,normal,zen-headbutt,psychic,0,0,15,1,5,2018,3245,17
370,623,1019,77,swagger,normal,high-horsepower,ground,0,0,11,11,15,2022,1581,287
371,777,1047,101,magnet-rise,electric,rising-voltage,electric,0,0,14,11,3,2023,1434,210
372,10074,2857,148,bulldoze,ground,blizzard,ice,0,0,14,11,7,2025,601,203
373,860,2464,188,thief,dark,retaliate,normal,0,0,7,11,0,2021,2148,215
374,347,3774,122,harden,normal,rock-smash,fighting,0,0,6,11,11,2017,3624,23
375,447,517,75,rest,psychic,substitute,normal,0,0,1,5,4,2025,529,26
376,10123,2746,237,round,normal,teeter-dance,normal,0,0,12,11,11,2023,1204,14
377,352,676,191,fling,dark,shadow-claw,ghost,0,0,2,14,15,2017,3524,222
378,265,3455,200,tackle,normal,poison-sting,poison,0,0,6,6,10,2025,428,146
379,777,2208,238,charge-beam,electric,fell-stinger,bug,0,0,12,10,0,2026,207,210
380,715,805,255,defog,flying,leech-life,bug,0,0,2,3,2,2019,2585,156
381,10056,2443,114,thunder-wave,electric,magic-room,psychic,0,0,3,3,6,2026,164,175
382,224,1942,283,bullet-seed,grass,seed-bomb,grass,0,0,12,3,1,2026,212,298
383,379,3755,111,strength,normal,return,normal,0,0,10,2,5,2019,2804,8
384,94,796,23,poltergeist,ghost,psychic,psychic,0,0,10,15,1,2021,2120,227
385,585,74,251,headbutt,normal,growl,normal,0,0,15,5,4,2017,3583,221
386,654,3475,241,double-team,normal,sleep-talk,normal,0,0,6,7,2,2025,611,231
387,39,322,109,wild-charge,electric,shadow-ball,ghost,0,0,11,15,12,2022,1503,192
388,10143,3680,196,giga-drain,grass,shadow-ball,ghost,0,0,12,15,14,2021,2106,297
389,10040,1654,138,feint,normal,return,normal,0,1,1,6,9,2020,2454,163
390,267,2977,194,gust,flying,mega-drain,grass,0,0,3,11,3,2021,1931,146
391,56,2935,249,snore,normal,outrage,dragon,0,0,3,12,4,2016,3668,114
392,846,3832,215,snore,normal,agility,psychic,0,0,15,1,13,2021,1972,131
393,270,173,169,water-pulse,water,scald,water,0,0,14,15,13,2019,2868,19
394,10110,633,139,fire-blast,fire,round,normal,0,0,14,13,15,2024,971,25
395,442,93,142,return,normal,natural-gift,normal,0,0,4,1,5,2025,558,275
396,201,3563,14,hidden-power,normal,None,None,0,0,15,1,9,2024,827,10
397,722,1461,208,confide,normal,attract,normal,0,0,4,0,0,2026,295,277
398,166,2851,83,struggle-bug,bug,focus-blast,fighting,0,0,0,13,11,2024,1015,179
399,263,2199,13,facade,normal,hidden-power,normal,0,0,4,3,3,2022,1498,234
400,488,3314,170,facade,normal,psych-up,normal,0,0,7,3,1,2022,1638,74
401,120,1951,128,gravity,psychic,protect,normal,0,0,12,3,14,2022,1722,298
402,763,758,198,double-team,normal,leaf-storm,grass,0,0,15,12,8,2018,3013,204
403,669,1954,259,wish,normal,endeavor,normal,0,0,3,3,11,2023,1442,219
404,304,3529,203,magnet-rise,electric,snore,normal,0,0,8,13,10,2018,3117,290
405,10101,3990,186,hidden-power,normal,super-fang,normal,0,0,0,15,14,2021,1980,177
406,10149,1062,88,will-o-wisp,fire,protect,normal,0,0,10,7,8,2023,1382,288
407,220,2805,48,hail,ice,rock-tomb,rock,0,1,11,14,7,2017,3386,161
408,10013,2839,112,frustration,normal,hex,ghost,0,0,9,5,2,2025,599,251
409,94,2898,292,payback,dark,skull-bash,normal,0,0,4,7,2,2019,2557,227
410,10080,158,250,slam,normal,round,normal,0,0,8,1,3,2020,2213,54
411,651,2415,263,flash,normal,helping-hand,normal,1,0,8,1,0,2019,2662,206
412,368,2884,126,aqua-tail,water,water-sport,water,0,0,14,13,14,2022,1762,70
413,123,1781,24,giga-impact,normal,frustration,normal,0,1,8,14,4,2021,2115,13
414,102,1477,83,poison-powder,poison,skill-swap,psychic,0,0,14,0,11,2025,638,251
415,621,3196,71,lash-out,dark,scale-shot,dragon,0,0,10,6,14,2024,1073,212
416,499,1950,51,fling,dark,thunder-punch,electric,0,0,5,7,7,2024,750,277
417,251,3369,62,weather-ball,normal,imprison,psychic,0,0,8,8,14,2025,718,97
418,60,3865,113,protect,normal,bide,normal,0,0,12,0,0,2024,1029,234
419,272,1308,277,captivate,normal,toxic,poison,0,0,2,8,15,2018,2986,19
420,605,593,188,miracle-eye,psychic,barrier,psychic,0,0,14,12,11,2020,2519,180
421,95,3001,116,sunny-day,fire,captivate,normal,0,1,12,3,0,2018,2965,56
422,652,2796,269,bite,dark,earthquake,ground,0,0,3,10,11,2018,2928,206
423,736,727,86,mud-shot,ground,facade,normal,0,0,1,8,1,2025,627,61
424,534,1065,179,substitute,normal,endure,normal,0,0,9,11,0,2023,1377,199
425,112,1025,108,swords-dance,normal,protect,normal,1,0,6,5,6,2025,722,147
426,10020,3839,200,sleep-talk,normal,snore,normal,0,0,7,14,3,2025,478,240
427,734,643,73,swagger,normal,stomping-tantrum,ground,0,0,13,11,12,2019,2601,118
428,516,2337,63,grass-knot,grass,throat-chop,dark,0,0,12,2,10,2016,3794,166
429,693,1800,242,crabhammer,water,swords-dance,normal,0,0,4,8,15,2023,1144,77
430,223,2091,31,ice-beam,ice,assurance,dark,0,0,1,7,3,2025,452,298
431,628,2748,78,toxic,poison,return,normal,0,0,13,3,12,2019,2864,190
432,10034,2810,51,slash,normal,tailwind,flying,0,0,4,14,9,2021,1953,22
433,656,2013,267,return,normal,echoed-voice,normal,0,0,8,12,5,2020,2453,234
434,327,397,275,low-kick,fighting,hidden-power,normal,0,0,13,2,11,2026,184,61
435,851,455,236,round,normal,attract,normal,0,0,13,11,9,2026,220,231
436,383,423,68,rock-polish,rock,heavy-slam,steel,0,0,2,7,1,2019,2901,266
437,325,1398,289,double-edge,normal,bounce,flying,0,0,10,2,0,2021,2086,52
438,331,2472,190,destiny-bond,ghost,solar-beam,grass,0,0,0,5,3,2026,274,182
439,558,2558,227,secret-power,normal,flail,normal,0,0,10,11,11,2022,1571,101
440,588,3337,206,rest,psychic,double-edge,normal,0,1,5,10,10,2023,1141,176
441,851,2352,77,fire-fang,fire,hyper-beam,normal,0,0,11,15,7,2025,673,231
442,10125,3706,184,role-play,psychic,air-slash,flying,0,0,3,7,1,2021,2185,14
443,10148,1779,50,electric-terrain,electric,feint,normal,0,1,6,3,13,2025,497,54
444,10177,3895,62,substitute,normal,belly-drum,normal,0,0,8,3,6,2017,3636,130
445,190,1706,159,astonish,ghost,tail-whip,normal,1,1,2,13,11,2020,2324,262
446,680,1140,10,fury-cutter,bug,tackle,normal,0,0,0,4,10,2020,2347,67
447,652,1616,172,iron-head,steel,focus-punch,fighting,0,1,10,10,8,2021,1908,206
448,443,989,192,hone-claws,dark,scorching-sands,ground,0,0,6,10,3,2019,2625,141
449,655,1342,251,role-play,psychic,flame-charge,fire,0,0,7,6,4,2023,1418,231
450,195,3430,39,round,normal,hidden-power,normal,0,0,0,11,5,2021,2009,284
451,541,3862,115,sunny-day,fire,cut,normal,0,0,3,8,11,2021,1979,188
452,82,2445,255,mirror-shot,steel,snore,normal,0,0,1,4,3,2022,1752,10
453,857,2142,209,heal-pulse,psychic,play-rough,fairy,1,0,1,1,4,2023,1201,263
454,250,1233,158,mimic,normal,future-sight,psychic,0,0,10,8,1,2021,1919,139
455,429,3322,88,thief,dark,shadow-ball,ghost,0,0,8,4,15,2020,2238,239
456,348,2980,77,scratch,normal,string-shot,bug,0,0,8,14,0,2023,1457,23
457,786,3720,193,thunderbolt,electric,telekinesis,psychic,0,0,6,8,15,2019,2732,269
458,10077,546,201,shock-wave,electric,aqua-tail,water,0,0,2,2,0,2018,3047,245
459,180,2546,235,brick-break,fighting,thunder-punch,electric,0,0,9,8,5,2019,2609,285
460,697,1111,22,strength,normal,rock-slide,rock,0,0,2,13,3,2018,3179,279
461,113,1194,237,uproar,normal,metronome,normal,0,0,10,1,12,2016,3752,30
462,165,2184,57,brick-break,fighting,toxic,poison,0,0,4,4,12,2023,1450,179
463,529,2627,42,substitute,normal,mud-shot,ground,0,0,6,13,11,2022,1511,155
464,615,3775,107,endure,normal,double-team,normal,0,0,3,8,7,2023,1171,162
465,412,3855,11,tackle,normal,bug-bite,bug,0,0,6,13,5,2021,1953,83
466,32,145,300,super-fang,normal,rest,psychic,0,0,12,2,15,2020,2272,257
467,738,3801,187,poison-jab,poison,hidden-power,normal,0,0,13,1,14,2026,54,61
468,216,3082,167,round,normal,body-slam,normal,0,0,0,7,10,2025,725,275
469,370,2902,206,dive,water,whirlpool,water,0,0,11,8,1,2025,496,246
470,10027,276,13,trick-room,psychic,curse,ghost,0,0,5,10,3,2017,3337,64
471,677,3184,45,echoed-voice,normal,signal-beam,bug,0,1,11,14,1,2018,3255,43
472,435,2558,248,snarl,dark,venoshock,poison,0,0,5,7,9,2021,1958,12
473,9,2642,110,mud-slap,ground,dynamic-punch,fighting,0,0,8,1,14,2018,3076,93
474,10139,2855,229,acrobatics,flying,frustration,normal,0,0,7,8,13,2025,697,264
475,213,2136,275,wrap,normal,substitute,normal,0,0,2,0,0,2017,3287,267
476,10035,3233,82,secret-power,normal,hone-claws,dark,0,0,5,5,3,2024,931,22
477,851,1490,69,heat-crash,fire,hyper-beam,normal,0,0,1,10,8,2017,3562,231
478,749,75,43,high-horsepower,ground,rock-tomb,rock,0,0,9,0,5,2026,70,69
479,10179,1766,86,will-o-wisp,fire,safeguard,normal,0,1,7,9,4,2018,3157,158
480,852,2336,122,round,normal,mega-punch,normal,1,0,0,5,10,2021,1835,46
481,10133,1327,104,endeavor,normal,confuse-ray,ghost,0,0,15,2,15,2022,1818,264
482,176,269,12,after-you,normal,dual-wingbeat,flying,0,0,0,7,0,2025,372,237
483,457,3328,31,gust,flying,aqua-ring,water,0,0,7,6,13,2017,3404,230
484,186,3406,120,defense-curl,normal,bubble-beam,water,0,0,11,7,11,2016,3675,234
485,10031,901,135,flamethrower,fire,protect,normal,0,0,12,3,15,2021,2094,64
486,10031,3011,199,round,normal,attract,normal,0,0,8,12,10,2025,520,64
487,769,1311,30,bulldoze,ground,substitute,normal,0,0,13,4,10,2023,1274,267
488,716,3224,47,confide,normal,toxic,poison,0,0,11,4,3,2025,699,72
489,10151,3704,208,tackle,normal,fire-fang,fire,0,0,11,2,12,2026,78,0
490,450,3652,128,bulldoze,ground,body-slam,normal,0,0,10,1,7,2017,3497,114
491,68,2238,247,payback,dark,hidden-power,normal,0,0,7,10,5,2019,2849,245
492,210,1816,119,giga-impact,normal,stomping-tantrum,ground,0,0,11,5,1,2016,3716,60
493,427,1944,36,iron-tail,steel,flatter,dark,0,0,1,7,3,2016,3679,69
494,471,595,156,copycat,normal,hail,ice,0,0,11,12,13,2022,1490,149
495,569,19,264,pain-split,normal,snore,normal,0,0,1,1,15,2020,2482,93
496,817,3540,235,fling,dark,water-pledge,water,0,1,12,8,14,2024,1037,283
497,37,2153,163,sleep-talk,normal,fire-blast,fire,0,0,4,4,10,2017,3521,32
498,412,3074,277,hidden-power,normal,electroweb,electric,0,0,0,6,9,2021,1982,83
499,264,2281,23,endure,normal,tail-slap,normal,0,1,8,12,4,2026,181,234
500,465,3592,289,headbutt,normal,attract,normal,0,0,0,8,13,2024,979,132
